"","repeat_id","expt","analysis_type","true_base","b_base_lower","b_base_med","b_base_upper","b_base_error","true_sex","b_sex_p_value","b_sex_lower","b_sex_med","b_sex_upper","b_sex_error","true_cond","b_cond_p_value","b_cond_lower","b_cond_med","b_cond_upper","b_cond_error","true_sex_cond","b_sex_cond_p_value","b_sex_cond_lower","b_sex_cond_med","b_sex_cond_upper","b_sex_cond_error","pp_true"
"1",1,1,"bglmm",0,0.437673985808488,0.505119419747144,0.57142167068327,0.0350128554649173,0,NA,-0.115749097454182,-0.0212357282214291,0.0674385979000287,0.045904116186195,0,NA,-0.0993734167830772,-0.0122151182094537,0.0695934411560303,0.0443700513772805,2,NA,0.30557483478362,0.415985555015758,0.547768509307785,0.0610412013152569,0
"2",1,2,"bglmm",0,0.472181317050666,0.539413591612116,0.600275134896335,0.0321003300339028,0,NA,-0.112811580175603,-0.0365143819690663,0.0479889299465605,0.0449139213235189,0,NA,-0.188157908045221,-0.118312100650633,-0.02562477499204,0.0432188517265022,2,NA,0.36161384028834,0.485787116262616,0.583824639722114,0.0584950503672814,0
"3",1,3,"bglmm",0,0.471896896024779,0.53393318983241,0.593950419014591,0.0315641480998748,0,NA,-0.107283196552957,-0.0235644620163012,0.0619427412839129,0.0437538790283502,0,NA,-0.0846758630343288,0.00137075344417135,0.0911319150744269,0.0443708889651355,2,NA,0.191735573916765,0.322390761429439,0.445828032582641,0.0643402401327231,0
"4",1,4,"bglmm",0,0.443637635342941,0.507478608557556,0.569599484805945,0.0335275907983012,0,NA,-0.0850759191850759,0.00807599908749133,0.0997195412520218,0.0479994505515393,0,NA,-0.0664581324734574,0.026726727308639,0.126287247054679,0.0484698861143768,2,NA,0.214661804698405,0.344181315635337,0.478690356161025,0.0677992524544761,0
"5",1,5,"bglmm",0,0.404647490798707,0.464845624618589,0.522060202034061,0.0285202890666162,0,NA,-0.0187891563669799,0.0707377467759862,0.139299494094661,0.0401400725462086,0,NA,-0.030881445406604,0.0490661555173618,0.128676966593422,0.0396788067237795,2,NA,0.190659868741075,0.289435058705384,0.415983584297146,0.0609751024013641,0
"6",1,6,"bglmm",0,0.429505960318393,0.485118489229358,0.540153017799722,0.0285457729021597,0,NA,-0.0096000875909281,0.077918599634512,0.154315424975856,0.0417553248943814,0,NA,-0.0765069122663945,0.0013966184261228,0.0776005351459258,0.0398770899085133,2,NA,0.16849972315109,0.274564199911586,0.400510943795392,0.058085925641246,0
"7",1,7,"bglmm",0,0.437805281266465,0.501062980193294,0.564275996624755,0.0325861186987315,0,NA,-0.0926399375084455,-0.00245110277835453,0.0938969350364416,0.0470362219542888,0,NA,-0.0599044024314617,0.0290740472147633,0.124591438306469,0.0476647447759355,2,NA,0.181976492746065,0.326142883871145,0.462067757543529,0.0699808597386428,0
"8",1,8,"bglmm",0,0.389749179055334,0.44822399678853,0.512823127268621,0.0314096193999729,0,NA,-0.0521671279068608,0.0347153613091,0.119787196107781,0.0434778650673121,0,NA,-0.022826999911712,0.0675884660873172,0.15019760936567,0.0456353280638505,2,NA,0.192865787362116,0.317052122147018,0.444686056590131,0.0627778277535496,0
"9",1,9,"bglmm",0,0.397595647796664,0.457975903353724,0.513197113836269,0.0285106057558434,0,NA,-0.0565368211309927,0.0230543549534164,0.0943326213409277,0.0375046600692495,0,NA,-0.000805956934663229,0.0770786219035956,0.174516302059114,0.0422280156136379,2,NA,0.2033202579123,0.310365463952048,0.423232362743586,0.0546060350745082,0
"10",1,10,"bglmm",0,0.343540050200102,0.404428002730805,0.466583606714158,0.0318683773282844,0,NA,0.0166219431446239,0.10481349662482,0.193332749952256,0.04411681112035,0,NA,0.0033934576747937,0.0928838332944663,0.180478187351783,0.0434304717710308,2,NA,0.127475654660465,0.24773504912708,0.361148509288333,0.0616991505216803,0
"11",1,11,"bglmm",0,0.388270215381701,0.450840159542963,0.511370125148052,0.0318441787007247,0,NA,-0.0219400509891793,0.0648710475971084,0.162577509490672,0.0459766059517879,0,NA,-0.0608255593498464,0.0281801571479042,0.1278013500947,0.044901318146149,2,NA,0.208783722249195,0.350388841612446,0.468285239303602,0.0652940336482847,0
"12",1,12,"bglmm",0,0.427920117342152,0.491761032640477,0.558414649151485,0.0342203453877284,0,NA,-0.0962973077364997,-0.00240128633970215,0.0876940198424133,0.0470324630933147,0,NA,-0.0620271777553629,0.0306865609652891,0.124016973404848,0.0482616154571449,2,NA,0.161258700253925,0.29953703771678,0.435078102369875,0.0677864502081972,0
"13",1,13,"bglmm",0,0.419529902160571,0.483078842835544,0.539556949445152,0.0314386391514032,0,NA,-0.078059161589038,0.00521555145492686,0.101257702718841,0.0455299096168715,0,NA,-0.135058816530627,-0.0505116072222491,0.0415633082298062,0.0445128767073919,2,NA,0.261477814397222,0.395834882048629,0.519801572187491,0.0656531379673451,0
"14",1,14,"bglmm",0,0.41727217834484,0.48610321987229,0.556005775275419,0.0340270732520496,0,NA,-0.101030488093606,-0.00445562849978012,0.0911101326524023,0.0480433672268893,0,NA,-0.0270094668235376,0.0625779701788405,0.163681348723548,0.0477724989295583,2,NA,0.167137745101436,0.309384293114034,0.438710729458919,0.0678085497049388,0
"15",1,15,"bglmm",0,0.450743654066707,0.511644555647975,0.570601277734298,0.0311981467871623,0,NA,-0.0888427118902882,-0.00359536367604974,0.0848964673798768,0.0455835922631921,0,NA,-0.132812149019449,-0.0411731606934025,0.0420530032146482,0.0438452467833758,2,NA,0.256916248871303,0.374314557617972,0.506042639055437,0.0636787227576067,0
"16",1,16,"bglmm",0,0.447671217988721,0.511632987243154,0.570765876186074,0.0302256354498275,0,NA,-0.127361757836302,-0.0441864633994103,0.0456374214360188,0.0439513201611629,0,NA,-0.164213133538927,-0.0733748556224664,0.0161623121713418,0.0477204877851734,2,NA,0.352474204227324,0.491982303855844,0.624567890442924,0.0678900324378379,0
"17",1,17,"bglmm",0,0.506432434739228,0.578268665551445,0.650398211295787,0.0366117163551851,0,NA,-0.168648151520976,-0.0691005411608988,0.0329446970032999,0.0513808135483578,0,NA,-0.214753583648274,-0.112061976482419,-0.0167533017985601,0.0515504596880356,2,NA,0.346743678164934,0.49580878707363,0.627618632435122,0.0720718441948813,0
"18",1,18,"bglmm",0,0.472131374887571,0.54201363979094,0.608571297223191,0.0340594619307276,0,NA,-0.120681683151123,-0.0278309256420758,0.0649775758644501,0.0484407356549337,0,NA,-0.117684365254741,-0.0256411715507407,0.05899928848798,0.0453248372944554,2,NA,0.245130909711254,0.375294994870739,0.493527615384484,0.0650265534749111,0
"19",1,19,"bglmm",0,0.379887755997747,0.445623053200921,0.509888984380248,0.0327327990859115,0,NA,-0.0818189124753008,0.0106683144896197,0.10167719873256,0.046017423055949,0,NA,-0.0329627459235618,0.0511544204640384,0.143836455024286,0.0453887209881555,2,NA,0.210130294770078,0.335286115672124,0.463131276380793,0.0642227825532277,0
"20",1,20,"bglmm",0,0.419687534437449,0.488791254850118,0.56669677722506,0.037644337627553,0,NA,-0.14034588506304,-0.0370786775899798,0.0609021573179986,0.0531116394480252,0,NA,-0.0987697080543575,-0.00479029978871475,0.0874487655778241,0.0476139479648769,2,NA,0.290377677775423,0.418087035266641,0.566951064848516,0.0726188709288034,0
"21",1,21,"bglmm",0,0.439857847153568,0.504948680644963,0.569548548603058,0.0336949236173864,0,NA,-0.0655771154994526,0.0269088734996924,0.124312024553082,0.0472638049343289,0,NA,-0.133976197119514,-0.0395045881333245,0.0540412014006893,0.0482405547799423,2,NA,0.278734814567769,0.407567208942467,0.53731514514379,0.0668605161889371,0
"22",1,22,"bglmm",0,0.417118663085642,0.47821406245426,0.540056790306315,0.0311979038770895,0,NA,-0.0750511144394902,0.0132401953565607,0.0956541319689681,0.0443584295317969,0,NA,0.000255089592768009,0.0917421858976713,0.175053680755082,0.045161465562277,2,NA,0.190513708615749,0.303845659293391,0.432002359540361,0.0606685112936449,0
"23",1,23,"bglmm",0,0.474614606773243,0.528009183983708,0.568648419204232,0.0265036595150563,0,NA,-0.0776131711006841,-0.00725051752611547,0.0662773230038965,0.0362116265840499,0,NA,-0.128733989470399,-0.062080902495975,0.0166173152438546,0.0407222198655586,2,NA,0.299013971610777,0.415912857771495,0.500689736131906,0.0536886422096891,0
"24",1,24,"bglmm",0,0.505790082913622,0.561200798526312,0.612157499638382,0.0281742656587645,0,NA,-0.136942211465609,-0.0594095601162098,0.0184403821904797,0.0396682746514275,0,NA,-0.13046739883873,-0.0540776624075361,0.0275704831734688,0.0398654016262517,2,NA,0.30856845930787,0.416433247940769,0.533625728650377,0.0559948021420243,0
"25",1,25,"bglmm",0,0.404745235994539,0.469713692219993,0.530445939152026,0.0331911987015938,0,NA,-0.0442954552803451,0.0427024325534731,0.132329909355034,0.0463314626569843,0,NA,-0.0432541036811451,0.0451762411367564,0.137645636957822,0.0458533798774363,2,NA,0.184330306089005,0.308207252249835,0.436924739054135,0.065318194903676,0
"26",1,26,"bglmm",0,0.478863799749239,0.542872563854329,0.604563985893984,0.0332518919987143,0,NA,-0.144419848631693,-0.046788314635945,0.0535465889235781,0.0494820134028967,0,NA,-0.17650754340215,-0.0922584657291941,-0.0024089034112805,0.0462406309798942,2,NA,0.353845309799734,0.492888516899678,0.626306843524093,0.0672853261583763,0
"27",1,27,"bglmm",0,0.436737780321984,0.504191554362278,0.568200969895081,0.0342704622873043,0,NA,-0.0986148921811969,-0.010628765744958,0.0764615585732454,0.0456034207261443,0,NA,-0.0757221197341048,0.0168824241094652,0.0987263659030653,0.0451503389754933,2,NA,0.244241527620237,0.369604886938532,0.495745341539424,0.0622886861386601,0
"28",1,28,"bglmm",0,0.439824379384798,0.495579962705931,0.54948342418514,0.0282221817604221,0,NA,-0.0807450400520134,-0.00575398054728689,0.076319647650614,0.0407433076106651,0,NA,-0.031692836954716,0.04558415117428,0.124352460236166,0.0397408821117957,2,NA,0.255409826480868,0.369565603602163,0.479995197063365,0.0588326686688183,0
"29",1,29,"bglmm",0,0.461148669072633,0.509063845597164,0.559277645081737,0.0253150711647504,0,NA,-0.0806448324131481,-0.009309390040709,0.0629053440655018,0.0371019418072251,0,NA,-0.0889280373510083,-0.0126681730693651,0.0619732410747912,0.037872483654565,2,NA,0.279117242312449,0.382248556272095,0.483773084499888,0.0521870678935413,0
"30",1,30,"bglmm",0,0.397080464232578,0.465047417855232,0.531008353428699,0.0335741710412885,0,NA,-0.121824815319963,-0.027612967350809,0.0707061859698723,0.0487125144696778,0,NA,-0.0660118062438022,0.024913980167485,0.1160951489352,0.0466362231130089,2,NA,0.306237510312014,0.436083954924182,0.564195352057136,0.0657041962916358,0
"31",1,31,"bglmm",0,0.393302177303446,0.447276266435081,0.507562511227995,0.028292855421354,0,NA,-0.0842525304428232,-0.00186157549292539,0.0689915474773259,0.0402989115629341,0,NA,-0.0498187126252173,0.0359795248691385,0.111783742506419,0.0415830812017988,2,NA,0.28595318661561,0.383081335066119,0.506457142460808,0.0596908646278121,0
"32",1,32,"bglmm",0,0.434238932166262,0.504607686696172,0.574560615857253,0.0359492000786607,0,NA,-0.118505312041015,-0.0156598602776225,0.0814133784570631,0.0499594945773545,0,NA,-0.0635413368325602,0.0390856703682576,0.136323684981158,0.0495484697271318,2,NA,0.201600029014937,0.339371258772754,0.474476406343651,0.0686516439456363,0
"33",1,33,"bglmm",0,0.490326174219471,0.552439545313049,0.617767294659556,0.0328459634606227,0,NA,-0.13758107593472,-0.0484307066410952,0.0409840929561597,0.0455408164804266,0,NA,-0.141560428042284,-0.0489379320418812,0.0425303024307169,0.0469787769225315,2,NA,0.264414579261954,0.394674041935248,0.527518983975939,0.0681455820335785,0
"34",1,34,"bglmm",0,0.468268672387371,0.526521363343096,0.585697752940306,0.0294237085055227,0,NA,-0.120309265396913,-0.0337152136167766,0.0528371535610143,0.0426028155400872,0,NA,-0.13640670302325,-0.0578495178900452,0.0247951663737649,0.0416104801628578,2,NA,0.306917126092324,0.427715822237816,0.541954315960942,0.0582598900717739,0
"35",1,35,"bglmm",0,0.420300048694063,0.469446037487602,0.536558800862435,0.0282159616446291,0,NA,-0.132153858446846,-0.0559988544678561,0.0351291280827867,0.040828900185078,0,NA,-0.0174249609649894,0.0662147744003381,0.142907584756549,0.037553886211108,2,NA,0.267516681839934,0.387650606515208,0.495666224869375,0.054479004886925,0
"36",1,36,"bglmm",0,0.429465657664329,0.491361556968954,0.553550708304982,0.0322567634091497,0,NA,-0.0680859835237774,0.0218509114914038,0.116193785197518,0.0454624107045229,0,NA,-0.0721955927532604,0.0205208677343012,0.117856476904772,0.0486500840913514,2,NA,0.208711416664845,0.331338295617317,0.459985879234973,0.0653545445677128,0
"37",1,37,"bglmm",0,0.360628986888762,0.418562359979877,0.476103605234351,0.0287843685583074,0,NA,0.0320688290805902,0.108972247209948,0.18878057816023,0.0396961965840241,0,NA,0.0492004424206345,0.129722055121849,0.211109208061326,0.0413188585750517,2,NA,0.112719002202154,0.226115992422041,0.340892427733135,0.0569632727447182,0
"38",1,38,"bglmm",0,0.470233505831985,0.529873900458089,0.589803343146476,0.0308554370718076,0,NA,-0.116118507527796,-0.0346878234935219,0.0515096550281905,0.0435728901573056,0,NA,-0.127693131220886,-0.0411575110434685,0.0426993468803086,0.0433159562696775,2,NA,0.289138084250307,0.413574863549497,0.537639205688882,0.0629714228911181,0
"39",1,39,"bglmm",0,0.456562311415008,0.519422675949644,0.581995463867892,0.0311582085935394,0,NA,-0.133071241751008,-0.049670563824323,0.0350730292113535,0.0438747487960039,0,NA,-0.111048679621462,-0.0244144019487337,0.0584950119846123,0.0428432619336968,2,NA,0.279583860792194,0.403562185489146,0.525331484213367,0.0616018155225844,0
"40",1,40,"bglmm",0,0.43262578831207,0.494365396730325,0.562746583683221,0.0326837735870788,0,NA,-0.136333830294253,-0.0453832245834895,0.0436142263042591,0.0457277909168094,0,NA,-0.0544470939568308,0.0337678933618624,0.127865316713681,0.0458864148131664,2,NA,0.241749475367108,0.371216161429787,0.493584901595186,0.0664096575160949,0
"41",1,41,"bglmm",0,0.40471636240938,0.465219389180165,0.523439209395824,0.0309277601775149,0,NA,-0.0854373336779404,-0.0031952321150783,0.0814629009314689,0.0424306772910055,0,NA,-0.0345352334067635,0.0472566925840158,0.131442766715251,0.0425834083160225,2,NA,0.222802915626114,0.350084367351638,0.466414447378669,0.0611827949287174,0
"42",1,42,"bglmm",0,0.425015150717429,0.494380006116212,0.557141974070815,0.0336408318271608,0,NA,-0.0838754528906408,0.000781058289634114,0.0924926054593547,0.0462869726975224,0,NA,-0.128547264405168,-0.0412803467291245,0.0460132781356158,0.0449756274056931,2,NA,0.31995561675781,0.44121940435013,0.56404486087222,0.0633505583936216,0
"43",1,43,"bglmm",0,0.374459698630378,0.433206018173324,0.491965177413384,0.0293777867363433,0,NA,-0.00467453654840943,0.0881421948725585,0.164704768559719,0.0459324585339121,0,NA,-0.00471612648901414,0.0812577899910889,0.163515515568018,0.04344722759078,2,NA,0.136504456289048,0.248092123614031,0.377284767890672,0.0668587991558061,0
"44",1,44,"bglmm",0,0.482187637386796,0.541948641134743,0.600507987195284,0.0307703736172565,0,NA,-0.163850362232719,-0.0849748618820363,-0.00270164685866593,0.0419496204409448,0,NA,-0.0678132759395257,0.0158070260375242,0.103317612223863,0.0433870098954566,2,NA,0.273501639089271,0.390642834049213,0.50888755269549,0.059070760431433,0
"45",1,45,"bglmm",0,0.456433889774343,0.513686676270725,0.571790968147218,0.0291005856020399,0,NA,-0.121416437408572,-0.0466175401770531,0.031213340931677,0.0405659673591007,0,NA,-0.0845820732212945,-0.00638097039720992,0.0730612350367617,0.0412221117163356,2,NA,0.26071096094441,0.371422247604468,0.482042753675353,0.0577191932854127,0
"46",1,46,"bglmm",0,0.473753745729956,0.521112479555163,0.57016179800385,0.025112862569653,0,NA,-0.12601566250878,-0.057840474663774,0.0120997825880932,0.0352079653969732,0,NA,-0.0880762919486897,-0.0244190089735681,0.0426010571756518,0.0341029185783035,2,NA,0.332333766316558,0.428507329590748,0.522687739256258,0.0489314959797411,0
"47",1,47,"bglmm",0,0.496985754943009,0.551984888158384,0.600647550677829,0.0289723131227161,0,NA,-0.094024572040003,-0.0165471303724758,0.0640808635743162,0.0411674414858001,0,NA,-0.157752772424336,-0.0866070702170011,-0.00627715826860737,0.0410782124701109,2,NA,0.312823673702884,0.430508784203147,0.536941276542919,0.0570480405675188,0
"48",1,48,"bglmm",0,0.505771706735326,0.558221475854872,0.60830247030166,0.0260656565690871,0,NA,-0.0419927760712382,0.0269798390908869,0.0992065768083288,0.0352521992845401,0,NA,-0.144129340495039,-0.0749912201745013,-0.0029139488179414,0.0352729713077653,2,NA,0.25643888816568,0.352550781468624,0.451306721922845,0.0481740779070445,0
"49",1,49,"bglmm",0,0.455450289602134,0.509221401720117,0.563310934320682,0.0276117517587311,0,NA,-0.0603341217858643,0.0135604061902441,0.0927698297350522,0.039604263333635,0,NA,-0.102206272394513,-0.0294244149598906,0.0435688933334683,0.0382023333045674,2,NA,0.263905486554395,0.37152686256714,0.478900395471295,0.054796192493264,0
"50",1,50,"bglmm",0,0.473184912905616,0.54884025688141,0.61406070176843,0.0334340407857984,0,NA,-0.108690988979629,-0.0160177771127398,0.0869004371408553,0.0486976234643956,0,NA,-0.154325262905188,-0.060319307912724,0.0313469361566455,0.0460854532264124,2,NA,0.254273448623739,0.406301439614266,0.537615092952407,0.0705716002362692,0
"51",1,51,"bglmm",0,0.485267013521289,0.542466398906543,0.59720896706689,0.0284357451825925,0,NA,-0.110576084245468,-0.0267469654588692,0.0538790646290513,0.0409934072482762,0,NA,-0.135550434871438,-0.0454778842394492,0.0351472204766051,0.04325937435126,2,NA,0.26498677606115,0.382509878426926,0.499070457728955,0.0611865635575054,0
"52",1,52,"bglmm",0,0.45924001770181,0.522232509312942,0.583021233809696,0.0320006428164656,0,NA,-0.0942791661680021,-0.0055226248994927,0.085938901874784,0.0453007947434313,0,NA,-0.172173214136782,-0.08528069185141,0.00816391468129927,0.0459772426107454,2,NA,0.318469801205055,0.446765188206579,0.574134752797906,0.0643955593205456,0
"53",1,53,"bglmm",0,0.39351374460577,0.456530756722713,0.516703720096712,0.0309762813080088,0,NA,-0.0482508432227312,0.0376541194362868,0.119284028384896,0.0439987520339719,0,NA,-0.086769328977673,-0.0064680046492122,0.0754754406744082,0.0421937568118448,2,NA,0.285633500269391,0.396045905997459,0.517723562524949,0.0605526703896001,0
"54",1,54,"bglmm",0,0.457492943322103,0.51402294003873,0.568158474058369,0.0277775786284284,0,NA,-0.0573499030825357,0.0243741957000288,0.100055506776783,0.0393852109423998,0,NA,-0.0690026116486092,0.00404285026355013,0.0836188501827464,0.0385414110164488,2,NA,0.234581760383123,0.344481223894386,0.45182762581354,0.053333162149884,0
"55",1,55,"bglmm",0,0.479225503159588,0.5406054607248,0.601794625941806,0.032259675759719,0,NA,-0.105165309207705,-0.0172203245611237,0.0727441265395462,0.0465888136476869,0,NA,-0.0838579729719091,0.00186598005302267,0.0974324608958953,0.0463357995939783,2,NA,0.222496383125444,0.353533323652386,0.476643931892188,0.0664103955679386,0
"56",1,56,"bglmm",0,0.414365455691063,0.486222626588929,0.551557342770873,0.0345022126952579,0,NA,0.0217396170791176,0.111331207389048,0.205061356139534,0.0474876466970125,0,NA,-0.100217727161625,-0.0118234517350005,0.0822009622919134,0.0486893045306791,2,NA,0.133667522389605,0.26462537485515,0.390922979108754,0.0661110394887506,0
"57",1,57,"bglmm",0,0.443021322023094,0.496768571455159,0.550449126264819,0.0273040415973397,0,NA,-0.0256127676800122,0.0490682653488013,0.127921105349057,0.0384147429043486,0,NA,-0.0644173156280752,0.0088272652387806,0.0859696324629315,0.0382542216290628,2,NA,0.22110851254246,0.323234191237337,0.420659360065956,0.0521075598418861,0
"58",1,58,"bglmm",0,0.451180727208125,0.510721859947005,0.568066084001834,0.0299525705031186,0,NA,-0.122938487916623,-0.0430530853523611,0.0421296945986351,0.0422951235976614,0,NA,-0.164040429724841,-0.0854419267571872,0.00100835127580134,0.0423029222127561,2,NA,0.37791270177448,0.504351401443918,0.61894455831075,0.0612947776041437,0
"59",1,59,"bglmm",0,0.41813677017996,0.482771906243213,0.573832932766837,0.0371581057418588,0,NA,-0.0805884079024527,0.0216748674963504,0.106619053097513,0.0480878864746951,0,NA,-0.069100989196967,0.0310178072787969,0.128857805076433,0.0508324163546475,2,NA,0.164535291105513,0.308649187302763,0.454639900831415,0.0706738687251385,0
"60",1,60,"bglmm",0,0.4053005862581,0.472685488664785,0.544613120812475,0.0355118815612653,0,NA,-0.0897346198517998,0.0157800346890628,0.114214384591784,0.052796798952042,0,NA,-0.00820282010812184,0.088426042513382,0.193164523923164,0.0506625616709116,2,NA,0.142559187845057,0.286600312525026,0.437139809734425,0.075206326968102,0
"61",1,1,"bskep",0,0.421761001943003,0.479873086572651,0.536082622707644,0.0298415402197006,0,NA,-0.0409426568270812,0.032576762205522,0.107837151850407,0.0389160799907549,0,NA,-0.0392690079368665,0.0383148806556188,0.118619681361261,0.0406268501422557,2,NA,0.19781945163501,0.302429535973434,0.401447193690915,0.0526461059052206,0
"62",1,2,"bskep",0,0.435484111456773,0.49775578748761,0.551779398849047,0.0295571676550731,0,NA,-0.0366371579614704,0.0372791700153673,0.118386057456337,0.0398277416674711,0,NA,-0.114145524798291,-0.0372359422127912,0.0460175224777743,0.0396298486535839,2,NA,0.232221377478671,0.336610670858693,0.436599234556264,0.052749767746752,0
"63",1,3,"bskep",0,0.453175955812561,0.513818257370971,0.568338156434407,0.0299844644711524,0,NA,-0.0619821871672577,0.0163526378629502,0.0919941406684327,0.0397713043612801,0,NA,-0.0346951769631751,0.0406776838470014,0.119569662254026,0.0390156564232147,2,NA,0.126325939438708,0.234509770147519,0.333349520290639,0.0536397794631002,0
"64",1,4,"bskep",0,0.429602307853232,0.488177640661249,0.548605564845017,0.0310797429752952,0,NA,-0.0348173010374374,0.0464604849497645,0.124331765243914,0.0408183796985581,0,NA,-0.0162930871878849,0.0654420002604178,0.146575695268459,0.0420309976323703,2,NA,0.145123946895181,0.251461969763205,0.35325483259683,0.0539779298704063,0
"65",1,5,"bskep",0,0.383403356828301,0.448429840679961,0.507745649856219,0.030601282955383,0,NA,0.00727834864377272,0.0880184781564356,0.170362977218505,0.0408574833345665,0,NA,-0.000165198746538317,0.0758988120747866,0.153802576391929,0.0402004653272756,2,NA,0.13169878798275,0.236506963130186,0.335692749443625,0.0534330753805169,0
"66",1,6,"bskep",0,0.422488634999898,0.474832820674966,0.529562878537951,0.0272198052944757,0,NA,0.0229995621739442,0.09410682071555,0.166268925659386,0.0355124129770018,0,NA,-0.041944056535759,0.0257438695699284,0.095865258380783,0.0363786527693866,2,NA,0.118349617479883,0.219970983384755,0.314291163114446,0.0499796270122725,0
"67",1,7,"bskep",0,0.421658149405126,0.483856825005502,0.551715630941419,0.0319503460131731,0,NA,-0.0522155278031953,0.0347232440605154,0.116532026918365,0.0411850412638059,0,NA,-0.0260341750289514,0.0628143547057733,0.147531864992403,0.0429219159482214,2,NA,0.126538742452623,0.241698943186826,0.359099679545176,0.0577830798398309,0
"68",1,8,"bskep",0,0.379141474098178,0.438317585929237,0.496966381947737,0.0299855013555239,0,NA,-0.0139532946783146,0.0627715845416077,0.1345873462264,0.038648001369515,0,NA,0.0141088185456887,0.0902074369137451,0.164250261217768,0.0385562479952504,2,NA,0.146777264993296,0.249234861705545,0.347805115389233,0.0516743202768988,0
"69",1,9,"bskep",0,0.392917762118717,0.449029111122324,0.504509882728387,0.0283267562799323,0,NA,-0.0231876969830097,0.0486605369663403,0.123334037258338,0.0371520216860485,0,NA,0.0273962967789173,0.0995966091033875,0.17574410419877,0.038470588057446,2,NA,0.156506344547194,0.249541166741457,0.349502019237441,0.0508982638829724,0
"70",1,10,"bskep",0,0.348360308001167,0.403266429076417,0.462936838545881,0.0298567968407701,0,NA,0.0349148523620773,0.114206650010829,0.193164283113641,0.0411778357032564,0,NA,0.0292633298588797,0.103877669358228,0.182349993600305,0.0393160401534683,2,NA,0.100920154498199,0.204023972096305,0.303003787809474,0.0520779895132879,0
"71",1,11,"bskep",0,0.373384169856854,0.435047959148476,0.490979423255515,0.029086073049784,0,NA,0.0222173170320521,0.0940142922018664,0.17194433693673,0.038576395434162,0,NA,-0.0180968540027493,0.0600518442048502,0.139792574778208,0.0397739849474236,2,NA,0.168943741811574,0.272385309950964,0.368327941750418,0.0508634210109966,0
"72",1,12,"bskep",0,0.414318874994373,0.473990331710359,0.534676564897064,0.0306496617206917,0,NA,-0.0446939413126205,0.0349648898154532,0.122183825205498,0.0435736011891618,0,NA,-0.0176257521036481,0.0643113052132291,0.142986306113962,0.0412979592111664,2,NA,0.105608585232311,0.218272343599385,0.328980567545958,0.0559410101718153,0
"73",1,13,"bskep",0,0.400395963891393,0.455279254885242,0.511295670672372,0.0285156051596903,0,NA,-0.0202937620112274,0.0527489657027219,0.126996134385566,0.0382088268055219,0,NA,-0.0700448787456733,0.00440270572485095,0.0785807263546146,0.0378249867992954,2,NA,0.186663971216686,0.287588184594869,0.382544932688967,0.0515947455952123,0
"74",1,14,"bskep",0,0.411799493054774,0.472016717560103,0.530723496508924,0.0300290005711096,0,NA,-0.043620822670042,0.0278160216912147,0.1071634233844,0.0386339067853316,0,NA,0.00623081405562664,0.0874447592757503,0.169571977028178,0.0411213378427568,2,NA,0.129004355402935,0.236232868721836,0.338399761553275,0.0542116407056315,0
"75",1,15,"bskep",0,0.421809996637528,0.484347588910197,0.546521857996808,0.0315765812394749,0,NA,-0.0333260055035092,0.0448886539611654,0.122954282727497,0.0403326704738012,0,NA,-0.0666896945486758,0.0112545275790869,0.0978581246067702,0.0414867216014504,2,NA,0.161702086522069,0.268728438210502,0.37746414182682,0.0557499818290419,0
"76",1,16,"bskep",0,0.416355718004761,0.473621879684434,0.533876459143558,0.0296172288667291,0,NA,-0.0507843667096225,0.0242479406704424,0.0990491090914993,0.0385429508006645,0,NA,-0.0761410547145289,0.00534843392973702,0.0856325977942012,0.040339184556831,2,NA,0.23040881873587,0.342191774058882,0.444560736471618,0.0539594031604279,0
"77",1,17,"bskep",0,0.468621801491863,0.531432765162765,0.595217644227245,0.032791676285232,0,NA,-0.067173934854452,0.0156711145279504,0.0977071242119206,0.0421439295589498,0,NA,-0.0999700410372771,-0.0210396735181023,0.066911746699315,0.0431157279522681,2,NA,0.203310693372525,0.317679028902644,0.422417047035348,0.057021847610694,0
"78",1,18,"bskep",0,0.453996987128999,0.514424075572724,0.573851061641671,0.0311441156502631,0,NA,-0.0595938343020785,0.0215181585558857,0.103163716381392,0.041991455267276,0,NA,-0.0544639489857061,0.0240791702819519,0.112815965119565,0.0412574821658108,2,NA,0.150860686425553,0.267043190226976,0.367507704587438,0.0555100669371292,0
"79",1,19,"bskep",0,0.366134585889299,0.429002836929797,0.492407982841236,0.0311841656967441,0,NA,-0.0281443105040248,0.0500846695576082,0.133854079089186,0.0421936413225897,0,NA,0.00727207770512754,0.0857491582329556,0.169733686508943,0.0405609673479996,2,NA,0.131028892878461,0.244744013312261,0.352645389282677,0.0558029705878816,0
"80",1,20,"bskep",0,0.390749086251096,0.45722580020169,0.52052766435441,0.0338446171669553,0,NA,-0.0574517675807372,0.0255923146094523,0.118489873222369,0.0454806908736788,0,NA,-0.0232877155363439,0.059873805560824,0.147234660465907,0.043939333671637,2,NA,0.165546298083551,0.279650265990078,0.389456890718568,0.0579260270458161,0
"81",1,21,"bskep",0,0.415762661784583,0.47818163918072,0.540635824443641,0.0309692461101219,0,NA,-0.00333938884466,0.0769551426820908,0.15933761232683,0.0411397595911611,0,NA,-0.0654300660784564,0.0206283508946017,0.0982793201438387,0.0411201043549614,2,NA,0.178465524299561,0.287300136461303,0.396652588879443,0.0538424134003997,0
"82",1,22,"bskep",0,0.412070038695915,0.46821990970876,0.525443530675212,0.0289711735528689,0,NA,-0.028508113542198,0.0401544351029979,0.116515570504551,0.0378779221834408,0,NA,0.0378718836828728,0.112324420643257,0.189660206880174,0.0387399313901867,2,NA,0.134900890032009,0.238639028455245,0.334744110451186,0.0505769112265917,0
"83",1,23,"bskep",0,0.446660959719101,0.498815561614713,0.55300048049264,0.0272687722659308,0,NA,-0.0215542961958615,0.0455233896055768,0.117111615212689,0.0352702772027327,0,NA,-0.0667238701814089,0.0033153971644447,0.075298810074885,0.0360424044946121,2,NA,0.196443248683719,0.292569811842166,0.383404448597264,0.0484678434059844,0
"84",1,24,"bskep",0,0.476555082979166,0.530207551496912,0.58420179900092,0.0272216050839863,0,NA,-0.0727698596646443,-0.00145852179481368,0.0741902876442363,0.0374035984963606,0,NA,-0.0686776733143687,0.00398126081613024,0.0821188297881157,0.0372600348927145,2,NA,0.198217216121691,0.300067754310119,0.393392815411234,0.0500564543640263,0
"85",1,25,"bskep",0,0.399230267551165,0.45817050839664,0.516140934936272,0.0305400372959827,0,NA,-0.00975401558371654,0.0715136183711487,0.151180331054791,0.0405167894754395,0,NA,-0.00612920866133398,0.0716089147487408,0.14701708405545,0.0392681298304667,2,NA,0.140590612362151,0.239189068794959,0.341372638605588,0.0511135410904281,0
"86",1,26,"bskep",0,0.430645312726448,0.496087856172225,0.56015397399829,0.0325027084836454,0,NA,-0.0501276606410207,0.0352515369493071,0.120270680657716,0.0434284416999752,0,NA,-0.0841933674741309,-0.00635710655077198,0.0737927842485539,0.0406576551716013,2,NA,0.21855992441176,0.329248421956929,0.436205750683992,0.0566949068387712,0
"87",1,27,"bskep",0,0.424489046292409,0.485433373363465,0.546388274705677,0.0308050460923055,0,NA,-0.0441660600295755,0.0338030049593757,0.112607377286392,0.040177159958898,0,NA,-0.0154436026354673,0.0625208285098234,0.141253171909309,0.0409439221469941,2,NA,0.158622439569955,0.264657978503473,0.370724411328037,0.0538125511605294,0
"88",1,28,"bskep",0,0.430216194525446,0.494541972918773,0.539698395573826,0.0307683759897088,0,NA,-0.0376952930051432,0.0133869940126249,0.0964539839696989,0.0368907871866561,0,NA,-0.0151297314518331,0.0641673628732561,0.141760716069874,0.0377498970359928,2,NA,0.201622681086087,0.321376856058092,0.422675912542726,0.0580608244790578,0
"89",1,29,"bskep",0,0.439689611909792,0.48873510585259,0.53920064120396,0.0253937808690512,0,NA,-0.0365308345991024,0.027818665454342,0.0950875917259464,0.033468363486775,0,NA,-0.0415037243963085,0.0259012344113543,0.0946816806439261,0.0348539688037314,2,NA,0.211046030070373,0.300962360166025,0.388071561212744,0.045916449793553,0
"90",1,30,"bskep",0,0.377979964071671,0.438089790601798,0.497593000169066,0.0302044762436328,0,NA,-0.0472782330122915,0.0325245125501642,0.113262032751059,0.040594412414578,0,NA,0.00305491107130173,0.0817338263926278,0.164495108171993,0.0408452342860565,2,NA,0.191407031081494,0.307816191078484,0.406470882010555,0.0536309204643926,0
"91",1,31,"bskep",0,0.373947554218068,0.430422440158824,0.482171440038284,0.0290932278950886,0,NA,-0.0303682324501805,0.0391097516831518,0.113429419522536,0.0379627039571053,0,NA,-0.00723469618563358,0.0706239890068216,0.149261043892569,0.0401827088096844,2,NA,0.192762480979825,0.299500600139623,0.400530649852371,0.0519064720109952,0
"92",1,32,"bskep",0,0.422058588119459,0.484642844663547,0.547961955291633,0.0323844121235654,0,NA,-0.0489570367307287,0.030018199866355,0.113137529480455,0.0414916688264455,0,NA,-0.00542054990730744,0.081072159107051,0.16666247422745,0.0439076882590626,2,NA,0.12274279584693,0.235245746608317,0.348918846273943,0.058243585298235,0
"93",1,33,"bskep",0,0.461575772817654,0.520480994276566,0.580785350863082,0.0301992546085602,0,NA,-0.0667530298957891,0.0125827337268026,0.0916925134830271,0.0408520442417578,0,NA,-0.066502751806573,0.0138146573502382,0.0956403475793171,0.0428748533683728,2,NA,0.163859064364386,0.267437043327974,0.3773557066616,0.0542851852694789,0
"94",1,34,"bskep",0,0.438597539957447,0.496704235819485,0.55299545305423,0.0285090395771666,0,NA,-0.051425675360344,0.0236447400090546,0.0996340151341905,0.0384743281996491,0,NA,-0.0731037453831277,0.00156222498630982,0.0785217042550871,0.0381179061521382,2,NA,0.206841025935046,0.310180239974062,0.409296032553311,0.0513115072707164,0
"95",1,35,"bskep",0,0.399504712005332,0.455637383482964,0.512083389314036,0.0277734572351794,0,NA,-0.0667208707955565,0.000738722085188576,0.0824204599848954,0.0380617485506623,0,NA,0.0280724789443358,0.104432624832116,0.181283920321717,0.0375308825279816,2,NA,0.175514846642299,0.280127752687323,0.38396662627508,0.0511356536324877,0
"96",1,36,"bskep",0,0.417276815384758,0.475162229832748,0.529858418071976,0.0288602033385958,0,NA,-0.013266815487965,0.0579377284361263,0.134346951896349,0.0389783540077026,0,NA,-0.0194274550435042,0.0536219435720296,0.1280150318291,0.0391151955213605,2,NA,0.14170568848802,0.246689629234485,0.352266981452008,0.0531257444933665,0
"97",1,37,"bskep",0,0.368982145273605,0.421801707872872,0.473877651698252,0.0266465132933258,0,NA,0.044432631865771,0.111607078978082,0.180475496558542,0.0348101315217638,0,NA,0.0580039807062992,0.130224646742423,0.203409655967645,0.0370275031154699,2,NA,0.103089212805259,0.200048145607576,0.290947098826269,0.0478123145463825,0
"98",1,38,"bskep",0,0.440213536277751,0.501783929281605,0.556788465496026,0.0292903101036107,0,NA,-0.0517030713202938,0.0206421062784131,0.0983629391278381,0.0388521324767362,0,NA,-0.0614427680359196,0.0144636350644147,0.092277557769624,0.0389338631924065,2,NA,0.193215286690079,0.297057323644428,0.398325261621076,0.0524928961570319,0
"99",1,39,"bskep",0,0.435778226597278,0.490898735002088,0.545218322821659,0.027906368231065,0,NA,-0.0663343753274225,0.00704663726811955,0.0840863996291643,0.0385346554486675,0,NA,-0.0409117524762725,0.0299170790671855,0.104765536967402,0.0372699009505323,2,NA,0.184174413583122,0.287338197111515,0.387257385886708,0.0523997967469016,0
"100",1,40,"bskep",0,0.408862702263562,0.469581644095393,0.53049542732769,0.0312746435653266,0,NA,-0.06910191039261,0.00733620193917432,0.090051303187332,0.0409279620911116,0,NA,0.000918971427394975,0.0784053633569348,0.158907720038,0.0413824007630927,2,NA,0.149100695758484,0.262032096634574,0.371084283158967,0.0561330547739343,0
"101",1,41,"bskep",0,0.387312393981709,0.446220125368668,0.507236234344531,0.0297877926772166,0,NA,-0.046105736180141,0.037248234309088,0.113640674775071,0.038779145789714,0,NA,0.0055640944706583,0.0835778431950129,0.163064397496181,0.0395593342232703,2,NA,0.163818838023229,0.260854170327202,0.364976370895211,0.0514917906331254,0
"102",1,42,"bskep",0,0.405987399907657,0.466628067000968,0.527348719095873,0.0309778953049632,0,NA,-0.023900825165437,0.0548106167695222,0.136049241729008,0.0409797259353673,0,NA,-0.0601116966023755,0.0173280225064202,0.0938037817390194,0.040147452586384,2,NA,0.217618854009466,0.32015320974944,0.416575268577318,0.0517543972545533,0
"103",1,43,"bskep",0,0.370909481967965,0.429218892364001,0.485644393303723,0.0290254128216801,0,NA,0.0165526155379382,0.0933794471355074,0.167662521930994,0.0386453380548833,0,NA,0.0186509516544395,0.0958081415786307,0.176227103242768,0.0398543097051867,2,NA,0.105740744427679,0.210503546142864,0.309848823890136,0.0521150649715058,0
"104",1,44,"bskep",0,0.458935267286122,0.512987756771689,0.571184235154056,0.0283910411635125,0,NA,-0.0969844906971123,-0.025740471076802,0.0472432192920836,0.0377241189076702,0,NA,-0.0114659249903826,0.0625009744125304,0.137780720333631,0.0383272216641178,2,NA,0.188248897316978,0.282732506487014,0.379618363540177,0.0496161181703315,0
"105",1,45,"bskep",0,0.437245272926142,0.491412221740085,0.545537084243677,0.0268651493984393,0,NA,-0.0738228738459416,-0.00111114529865861,0.0716852200908874,0.0366024352210978,0,NA,-0.0346478792648617,0.0355160647041967,0.109581296983671,0.0362985349569769,2,NA,0.180933626647617,0.279297037239776,0.37495975836134,0.050024276484172,0
"106",1,46,"bskep",0,0.449490175362269,0.496941617742461,0.545544180467438,0.0247474496611547,0,NA,-0.0743893009726697,-0.0114412516268776,0.0565539907232194,0.0330021446785139,0,NA,-0.0433184818816259,0.0216936849291293,0.0875335151794428,0.0330102453404008,2,NA,0.244590155214985,0.33562815895654,0.429323746669532,0.0467136595421875,0
"107",1,47,"bskep",0,0.465080405570332,0.519932114725751,0.576060675665058,0.0280304222113547,0,NA,-0.0341143624481018,0.0386038953462844,0.115915679546513,0.038525762083208,0,NA,-0.102435206868086,-0.0271197852574267,0.0465415243337836,0.0380121203143163,2,NA,0.217582783768178,0.31782550419541,0.41759539301238,0.0510046490463273,0
"108",1,48,"bskep",0,0.483901783866407,0.535791604077773,0.582499827754247,0.025469670704439,0,NA,-9.99974904327313e-05,0.0628848204259459,0.131787995215582,0.0339514163312668,0,NA,-0.0977247728041159,-0.0302174579607214,0.0355942038870392,0.033983073734253,2,NA,0.179733520356295,0.269981550669565,0.360708361660082,0.04686970597003,0
"109",1,49,"bskep",0,0.437271061525735,0.49096229209183,0.543055709017749,0.0261161884286989,0,NA,-0.0209308218083655,0.0491190562977021,0.118117731137721,0.0351940317809093,0,NA,-0.0626782326320699,0.00750998786256253,0.0758671805824977,0.0354790838079953,2,NA,0.1940813231388,0.291566731373804,0.37900657773973,0.048574671120556,0
"110",1,50,"bskep",0,0.455643299810364,0.516512747446662,0.576378493653184,0.030039267573666,0,NA,-0.0333861074211944,0.0410517978763375,0.116329029998176,0.0392077486368186,0,NA,-0.0769397009510898,0.00269744112043227,0.0803925643303639,0.0401577965291915,2,NA,0.181318028644914,0.283346024672221,0.387730649605318,0.051955135327993,0
"111",1,51,"bskep",0,0.465712827788793,0.518162448272583,0.567347419848947,0.0252046390537979,0,NA,-0.0457164714060221,0.0208247339888383,0.0928519309766023,0.0340870920453407,0,NA,-0.0650657529923573,0.00413124451997141,0.0687792331389838,0.034047802755449,2,NA,0.188810976237431,0.283694221952354,0.373102709963023,0.047047743425258,0
"112",1,52,"bskep",0,0.430203149719981,0.488293935963812,0.547185441847153,0.0293304021431752,0,NA,-0.0273091644586556,0.0530133662851407,0.134674795474658,0.0412547240514656,0,NA,-0.0937324452355449,-0.0152177889537671,0.0581856485524403,0.0387224035085963,2,NA,0.208080338822013,0.316653142475664,0.415875776742234,0.0534062188742274,0
"113",1,53,"bskep",0,0.378243015514186,0.43536271779744,0.491252424838521,0.0289964984824111,0,NA,0.00234131718075684,0.0786518645668256,0.155218253773174,0.039687709819285,0,NA,-0.0336003518627071,0.0383638143341379,0.118218314656709,0.039108687088563,2,NA,0.191881066937612,0.298887882866244,0.402519996977275,0.0547216732905758,0
"114",1,54,"bskep",0,0.443920704046163,0.495968867502951,0.546207433552487,0.0265048904470366,0,NA,-0.0171034212322962,0.0540577507987989,0.122577582547829,0.0360642314798431,0,NA,-0.0309522702850939,0.0391174928251867,0.111170385688325,0.0367019959707611,2,NA,0.175819295178201,0.271775605021672,0.36409831456624,0.0473160332665907,0
"115",1,55,"bskep",0,0.459933638970769,0.518915426706927,0.574177931288548,0.0297437408198921,0,NA,-0.048910764671625,0.0264110653305618,0.108046873969916,0.0402230649003587,0,NA,-0.0295384581225851,0.0446363000915469,0.124318058681137,0.0395045052344227,2,NA,0.14899238077702,0.256671048053178,0.352685672823193,0.0519259462869076,0
"116",1,56,"bskep",0,0.423325266481911,0.482270162798631,0.539726377591701,0.0313723121904757,0,NA,0.0333275738865641,0.118958240483657,0.202649735318348,0.0422252773297735,0,NA,-0.0615565640539561,0.0139119459644728,0.0925686869034499,0.039698324112722,2,NA,0.106687182399025,0.209223083050899,0.301790228892428,0.0520340062462587,0
"117",1,57,"bskep",0,0.42960148084564,0.482782555666678,0.533065559160522,0.0264164379700802,0,NA,0.00624152173647501,0.0764141795463256,0.150251789200869,0.0372213759858418,0,NA,-0.0313308361233567,0.038590674061671,0.107455621181514,0.035283505016879,2,NA,0.162639713704371,0.258031066615552,0.35577740016425,0.0491877600331315,0
"118",1,58,"bskep",0,0.414898994315363,0.47307721210136,0.528590827126263,0.029660383720071,0,NA,-0.0501113170437256,0.0278037044754557,0.105038811107194,0.0392778723798409,0,NA,-0.0857353611107641,-0.0112837109760548,0.0668724083665676,0.0405239485489002,2,NA,0.252497149132396,0.354693998169174,0.455812220414188,0.0526647518053102,0
"119",1,59,"bskep",0,0.407286650233503,0.465782814556112,0.521540390015182,0.0293838559518602,0,NA,-0.0308996668581902,0.0509151508248348,0.131807036736977,0.0405614420728731,0,NA,-0.0146521863092688,0.0633943245006771,0.14286022142282,0.0400843091439249,2,NA,0.13344343819218,0.23607547233799,0.337423268801537,0.0527150143787105,0
"120",1,60,"bskep",0,0.392450444038395,0.462914283800989,0.532404694482073,0.035217765074594,0,NA,-0.0409606775393768,0.0470516396121573,0.136860531657092,0.0452552110497808,0,NA,0.0234688328052612,0.110604956218167,0.201667978658249,0.0448308635331109,2,NA,0.0844764482508112,0.209116167941345,0.320666845735442,0.0590797293038979,0
"121",1,1,"pp",0,0.413929088961242,0.476451898998257,0.537063181107069,0.0306251451941102,0,NA,-0.0390347876818973,0.0362637017419993,0.115592703196016,0.0393675804258793,0,NA,-0.038101696104535,0.0421448858200848,0.123602221763918,0.0412160064349868,2,NA,0.18923982670537,0.299625928849589,0.402684777252232,0.0552509612195998,0
"122",1,2,"pp",0,0.433662969038324,0.495658174112712,0.552054406432714,0.029401239955778,0,NA,-0.0406999042072703,0.0375035750319984,0.110332382390477,0.0380488562554685,0,NA,-0.108889842728518,-0.0362061656332206,0.0372049235322145,0.0380536487552399,2,NA,0.236296692599941,0.33788866866911,0.437603710202564,0.0505574511111503,1
"123",1,3,"pp",0,0.479336561614459,0.533774331282084,0.587969780275426,0.0273128026751353,0,NA,-0.0970999618389649,-0.0269578088914681,0.0434648822744016,0.0360334143035591,0,NA,-0.0692184691642384,-0.00234804037071474,0.0659865300574973,0.0341467462690785,2,NA,0.252392338696318,0.329024412637659,0.406245405426416,0.0389359061899578,1
"124",1,4,"pp",0,0.443374037453922,0.50564335663664,0.565195272478159,0.0305738389272787,0,NA,-0.0609228423178865,0.00933860787576602,0.0810638152701812,0.0363805863157472,0,NA,-0.0430878149108866,0.0259615084029155,0.0999873529403126,0.0361238181499184,2,NA,0.272117013797935,0.335719647733168,0.403424717262503,0.0334432573378379,1
"125",1,5,"pp",0,0.417139238771893,0.470193841133585,0.521662466144644,0.0270177605901549,0,NA,-0.0200302157680042,0.0433715438837636,0.105677266834402,0.0312325935707469,0,NA,-0.0294022419302468,0.034367603383664,0.096658458783923,0.0319491442196803,2,NA,0.276782001356839,0.331070656414443,0.386903492727006,0.0272581228003796,0
"126",1,6,"pp",0,0.450329305892567,0.492015096414381,0.541270819161183,0.0227635339983033,0,NA,-0.0129396422440854,0.0490887831794568,0.106504474135031,0.0295185777846151,0,NA,-0.0770257635225051,-0.0152758082001196,0.0402518575104658,0.0308260172273624,2,NA,0.268684261317659,0.325261601117782,0.379799824479108,0.0272519827139929,0
"127",1,7,"pp",0,0.444518403053297,0.501394169314232,0.558710142371936,0.0290235696662201,0,NA,-0.075619943687686,-0.00567983976135619,0.0638309560876754,0.0351411516555471,0,NA,-0.0498418024900897,0.0221627941289271,0.0890765159745295,0.0347335041504596,2,NA,0.278308686396196,0.334360142868322,0.391915880732324,0.0285266192977438,0
"128",1,8,"pp",0,0.401671209598249,0.456427698372621,0.511194190228489,0.0278477583872675,0,NA,-0.0403883843661006,0.0232613734403759,0.0881487645868012,0.0339565253968207,0,NA,-0.0119328638396544,0.0505525178649659,0.111701341445489,0.0324903952774001,2,NA,0.282117921864481,0.336754348700429,0.39189166859756,0.0289547098665865,0
"129",1,9,"pp",0,0.414007306611846,0.465654024804903,0.515615987066692,0.0262127282520646,0,NA,-0.0523222910758526,0.0105160722065225,0.0741092699276427,0.0321508139341455,0,NA,0.000833607082749468,0.0610667562704562,0.122183284731909,0.031673287103046,2,NA,0.279918133509213,0.336056410554275,0.392895756686804,0.0290295822634757,1
"130",1,10,"pp",0,0.370320884302362,0.426841992911388,0.482814159858182,0.0293520610855375,0,NA,-0.00954929697302515,0.0612257623054403,0.127986667038914,0.0344003464547155,0,NA,-0.0170726730247529,0.0488253135719034,0.112762093118723,0.034116115904417,2,NA,0.274896159028593,0.325977916505229,0.378481598311945,0.0266019607885159,0
"131",1,11,"pp",0,0.399606196869167,0.448668284309787,0.50087508132097,0.0250025898103658,0,NA,0.00549749459247717,0.0659778381425444,0.126553070314107,0.0310931245582998,0,NA,-0.0318573173615908,0.0289694553495128,0.0878471077617021,0.0310295232700197,2,NA,0.290147231108274,0.339772171081316,0.38924575760389,0.0252874443479077,0
"132",1,12,"pp",0,0.436221137254458,0.495326662162545,0.554131969045028,0.0298336763218718,0,NA,-0.086299191870883,-0.01555073381065,0.0546685684119718,0.0359783307114984,0,NA,-0.0507882819737931,0.0149747164635862,0.0807872852022313,0.0338383373538935,2,NA,0.282644471636992,0.331730640009615,0.386855690801503,0.0270717040856412,0
"133",1,13,"pp",0,0.412129597397772,0.468002569240616,0.520825665823521,0.0266963929565622,0,NA,-0.0336671885065283,0.0287946223982645,0.0907456063734328,0.0323198690514424,0,NA,-0.0852139325414912,-0.023021510650358,0.039668393987612,0.0326320104796168,2,NA,0.298397593231008,0.346295242658434,0.397076144284542,0.0252320037812382,0
"134",1,14,"pp",0,0.436745889474334,0.490640338664425,0.544336341157943,0.028181334593465,0,NA,-0.0776364104961778,-0.0134654778596621,0.0545183532805845,0.0332639660386992,0,NA,-0.023917338197158,0.045530261733357,0.11261074180592,0.0350044255252829,2,NA,0.283471593885335,0.332315256402688,0.381552739120804,0.0251833681776033,1
"135",1,15,"pp",0,0.440063539138501,0.499283157701178,0.55562741002111,0.0295784316302238,0,NA,-0.0521108458364899,0.0140689319253173,0.0844826013484973,0.0348692311871317,0,NA,-0.0892396667889918,-0.0194173279022169,0.0451613575425128,0.0345751759898744,2,NA,0.296473278678921,0.338790135145599,0.386226976642604,0.0226358951566493,0
"136",1,16,"pp",0,0.421787967116857,0.476749828881736,0.527009051556877,0.026900872691662,0,NA,-0.0433184342770188,0.0188626688288632,0.0804094607572299,0.0318749750869254,0,NA,-0.0595466149398581,0.00110549039104613,0.0607733244995762,0.0307173833279507,2,NA,0.307990869984117,0.35298765556479,0.397458316333052,0.0231778896313743,0
"137",1,17,"pp",0,0.479799778207788,0.53889438816381,0.600814353579678,0.0315582678991014,0,NA,-0.0723386119750429,-0.00180076282657794,0.069301723335838,0.0362030578554366,0,NA,-0.103422420745462,-0.033540046891279,0.0451224941881437,0.0370139795821286,2,NA,0.301549731569072,0.349180468693549,0.39497917986306,0.0241602006418183,0
"138",1,18,"pp",0,0.472940179063539,0.52933731324258,0.586029104842448,0.0286646203062666,0,NA,-0.0761623305657504,-0.0105057507057598,0.058073320988399,0.0347908391088074,0,NA,-0.0762849628574034,-0.0081376590099589,0.0574988001623924,0.0344928838670366,2,NA,0.288877865513041,0.339271317642217,0.386837426364691,0.0245469128181712,0
"139",1,19,"pp",0,0.388029399000987,0.446808713441765,0.507202454406215,0.03006911267167,0,NA,-0.0544842240861909,0.011013035120194,0.0752874868103135,0.0329642136520125,0,NA,-0.02272934778477,0.0440416788591728,0.109895073130901,0.0342774281668244,2,NA,0.289524732765154,0.335000841817446,0.380593033814862,0.0235237431737513,1
"140",1,20,"pp",0,0.405043575040539,0.469342377092027,0.536411574641694,0.033658920949979,0,NA,-0.0794195292204047,-0.00221222159363515,0.0747450684059982,0.0387340063649604,0,NA,-0.037689851169442,0.0325469743881289,0.106676253046655,0.0375843142165734,2,NA,0.302314482710796,0.344094540110582,0.384841594849234,0.0218961767239684,0
"141",1,21,"pp",0,0.436464555335843,0.491750085341432,0.548849062075454,0.0286537090015931,0,NA,-0.0198262134433647,0.0494708074225166,0.116773004020752,0.0355519216912528,0,NA,-0.0755830401581038,-0.00849409265841828,0.059058679449031,0.0354149282825571,2,NA,0.302223857106895,0.345080296548867,0.387151165717352,0.0219168034268297,1
"142",1,22,"pp",0,0.433944515091327,0.489057083201773,0.543029503331317,0.0278614022556624,0,NA,-0.0715290331282204,-0.00555066324828584,0.0577980434306582,0.0323585706261524,0,NA,0.0022468658498666,0.0648610047921559,0.127554634515684,0.0320762814791045,2,NA,0.3022577760437,0.341596473165206,0.381546801615568,0.020725074326686,0
"143",1,23,"pp",0,0.467817032167737,0.509252676936252,0.557373756723382,0.0236368314401204,0,NA,-0.0334987403407433,0.0215321543654957,0.0760243851500228,0.0279622811433215,0,NA,-0.0796665206499235,-0.0254605004534497,0.0281388967791023,0.0270953872282613,2,NA,0.313276035674332,0.350695004249456,0.38836977094096,0.0196484145390861,1
"144",1,24,"pp",0,0.492102301373906,0.542992764904434,0.592977009590065,0.0250562428553103,0,NA,-0.0883150460043725,-0.0290502893664138,0.0310619189114715,0.0300397092694182,0,NA,-0.0777709616050749,-0.0219985314070562,0.0313127457397782,0.0286310929464653,2,NA,0.31986849630999,0.356462604023263,0.392976063545626,0.018563239112231,1
"145",1,25,"pp",0,0.425901380138001,0.482109956420371,0.536623510303257,0.0283309047378922,0,NA,-0.0431724778528444,0.0212226903049324,0.0850909262314788,0.0326434401495439,0,NA,-0.0432804743731626,0.0199449717256528,0.0848179879038286,0.0333790460073658,2,NA,0.31989769190067,0.35318460857538,0.387219578675305,0.0175340719632872,1
"146",1,26,"pp",0,0.441416101606571,0.501141382654564,0.560166086516519,0.030407252958653,0,NA,-0.0460039986927738,0.0222394002132931,0.090153694439449,0.0354420165066718,0,NA,-0.088661562450365,-0.0200731130714452,0.0480405535781865,0.0357092529113499,2,NA,0.328158742505006,0.360942575348883,0.393102170913515,0.016885480299419,0
"147",1,27,"pp",0,0.446988467082577,0.502281942360171,0.560241617310272,0.0286239691595967,0,NA,-0.0702912496595789,-0.00686641277158064,0.0549766590332939,0.0326372927118931,0,NA,-0.0409134106763483,0.0215556829840857,0.0874990031684491,0.0331295839103288,2,NA,0.323411954137873,0.355042573359362,0.388842658108548,0.0163997802170101,1
"148",1,28,"pp",0,0.446822584628195,0.493308564515992,0.540544789591174,0.0242446309392905,0,NA,-0.0567738736752245,-0.000772952645124594,0.0547759531662287,0.0283115104658561,0,NA,-0.0128800308859568,0.0488169601328641,0.108735797766005,0.0303305171915888,2,NA,0.320779844476408,0.355031616074855,0.385891975642375,0.0162426633132143,1
"149",1,29,"pp",0,0.454302003124177,0.500968933043553,0.545016802533547,0.0228194534844687,0,NA,-0.0483883509967417,0.00244847297742409,0.0547700476804442,0.0258582047453641,0,NA,-0.0534723451408737,-0.0003459899470233,0.0531370701590455,0.0271242074671626,2,NA,0.327059010284689,0.357243116430561,0.388055024109623,0.0156639092929567,0
"150",1,30,"pp",0,0.391936335766202,0.448272509970694,0.504470051998517,0.0283477473447502,0,NA,-0.0571271949012722,0.00880802677534065,0.0741759032893398,0.0338510016122871,0,NA,-0.0059912303429527,0.0601338977643237,0.124238092134869,0.0321847812260864,2,NA,0.32807315744462,0.359117928721908,0.390541862455852,0.0158866808101929,1
"151",1,31,"pp",0,0.389208515265895,0.441225942120479,0.496134360764007,0.0275427864536045,0,NA,-0.0480015349133236,0.0107016501749218,0.0713639960726928,0.0306838114386286,0,NA,-0.0144021568676758,0.0454485807344296,0.107539009239172,0.0310856986564847,2,NA,0.332043368432848,0.361867571987817,0.392331666239489,0.0154509766885508,0
"152",1,32,"pp",0,0.44980555166885,0.508081098427458,0.569684657990974,0.0313103087923051,0,NA,-0.0932095445249289,-0.0245754208636762,0.0417889283044027,0.0347807430865277,0,NA,-0.0454199157097987,0.0278250266381242,0.0974830268946639,0.0355084719822446,2,NA,0.327664251170741,0.358255804788874,0.390377148359186,0.015714232456533,1
"153",1,33,"pp",0,0.477971333467461,0.537450768247988,0.592285649690638,0.0292732815332691,0,NA,-0.0895019241453838,-0.0270305630215329,0.0380108625521137,0.0328837332393883,0,NA,-0.0921362790219309,-0.0276734246678243,0.0362758640350977,0.0328814708834135,2,NA,0.331022080248591,0.359541052212693,0.389050513864932,0.0150385496426221,1
"154",1,34,"pp",0,0.457582544918748,0.507074687652559,0.554528534426698,0.025368374062423,0,NA,-0.0591334084192551,-0.000304615911839807,0.0579033010923932,0.0292026776058522,0,NA,-0.0825873433933605,-0.0239258074801212,0.0344756716918783,0.0293909456029342,2,NA,0.332384969061126,0.362360169614892,0.390978728068299,0.0146205118977557,1
"155",1,35,"pp",0,0.416842827934573,0.472894026736306,0.531511803598941,0.0291559770094051,0,NA,-0.098153070043498,-0.034574071657001,0.0301199939557689,0.032546135124811,0,NA,0.00106993973987274,0.0665168830064732,0.133308417820219,0.033468415790701,2,NA,0.3365902623523,0.363772759175958,0.388639593731232,0.0136788356514509,1
"156",1,36,"pp",0,0.443881525928277,0.498363959552054,0.554719661176371,0.0281696689606444,0,NA,-0.0565494161348514,0.00691157176472966,0.0690543325813907,0.0323395905634577,0,NA,-0.0616970185227321,0.00255930697356834,0.0647168440829742,0.0320362033916667,2,NA,0.336097891597815,0.362475374592584,0.388764521976413,0.0132729274569352,1
"157",1,37,"pp",0,0.402867586728324,0.454227980614937,0.505499847411617,0.0260373037920837,0,NA,-0.018810417733595,0.0408125270084801,0.10004580681617,0.030022555551966,0,NA,-0.00272772603286644,0.0572815563281996,0.118064054297767,0.031333511782037,2,NA,0.332673221459839,0.357488766308517,0.381344891614632,0.0126247854204866,0
"158",1,38,"pp",0,0.462076730609745,0.514902190404043,0.569649108050564,0.0266203680531248,0,NA,-0.0690872654559707,-0.00914152864852999,0.0522447114942264,0.0307674890069887,0,NA,-0.075158217410607,-0.0155268172393751,0.0443929437685312,0.0303165575002112,2,NA,0.338378784042581,0.36424542099742,0.389648390512446,0.0130500630155356,1
"159",1,39,"pp",0,0.453563999484873,0.507020784257846,0.556501020924933,0.026153741370303,0,NA,-0.0847697294638694,-0.0282573907283016,0.0319081226846914,0.0301563358623529,0,NA,-0.063352486147685,-0.00539756679004818,0.056090441574208,0.030078276650162,2,NA,0.340123192504888,0.365273900477024,0.391825745511242,0.0130875641146035,0
"160",1,40,"pp",0,0.432904071713253,0.490350269707642,0.549743182255232,0.0285611836910503,0,NA,-0.100470077896596,-0.0392468228208429,0.0223579127869282,0.031817782313406,0,NA,-0.0281041649732937,0.0327424115400105,0.0930887612026645,0.0317210726380284,2,NA,0.339339453974464,0.364755027123745,0.389502451327437,0.012769100136603,0
"161",1,41,"pp",0,0.41457389836285,0.468174320461042,0.522660825610521,0.0273384488573387,0,NA,-0.0715637642908077,-0.00958767111239637,0.0527655743479224,0.0317264170708491,0,NA,-0.0255863565114466,0.0356815832184057,0.0943905554505702,0.030944328373761,2,NA,0.339336389990593,0.363881425257556,0.388009194048937,0.0124717964997345,1
"162",1,42,"pp",0,0.42024934995394,0.474194331799341,0.529445461730262,0.027798484798655,0,NA,-0.0272637240579929,0.036122955334424,0.100937127824348,0.0322387556621498,0,NA,-0.0651134042561782,-0.00185556383490812,0.0596662203448205,0.0318280553985742,2,NA,0.341478046162826,0.366244024191059,0.389930444737403,0.0124525660202143,0
"163",1,43,"pp",0,0.406336840571276,0.460215122498661,0.515439720087029,0.0274604556452401,0,NA,-0.0427560546127381,0.0259130817376948,0.0901361453313325,0.0331749977790852,0,NA,-0.0351090933963728,0.0263958037142102,0.0857919394014353,0.0311330296324135,2,NA,0.337405336823356,0.36053834144825,0.384043639628288,0.0120180287200054,0
"164",1,44,"pp",0,0.477631754092578,0.530208706369706,0.578720556098751,0.0258225343083864,0,NA,-0.127643169240175,-0.0636492761655197,-0.00364930068442536,0.0316334711479882,0,NA,-0.0357570620109482,0.0240761254727549,0.0849864882223217,0.0301617337722751,2,NA,0.340509684321567,0.364810630132568,0.388755844673557,0.0122450704488061,0
"165",1,45,"pp",0,0.458445485412363,0.508252762305161,0.555945631960398,0.0242947804406371,0,NA,-0.0955333049861403,-0.0390020201385315,0.0169691241799401,0.028460517690146,0,NA,-0.058381523882946,-0.00260288045990874,0.050864083646132,0.0275509867967075,2,NA,0.34049829261954,0.36359135131087,0.387417010830674,0.0123788221036794,1
"166",1,46,"pp",0,0.461887074381181,0.503822497614847,0.545157323647883,0.0218791277733369,0,NA,-0.0756762613352095,-0.0245295397391839,0.024131010887082,0.0254209183796643,0,NA,-0.0409440639051152,0.00673169393793557,0.054178029894933,0.0246207017006026,2,NA,0.341659130522182,0.366506832723166,0.390530506141074,0.0125464547701746,1
"167",1,47,"pp",0,0.482161361417222,0.530352625299772,0.578847151356218,0.024191730691761,0,NA,-0.0380739246115791,0.0181693522607111,0.0736728876455744,0.0283556668540682,0,NA,-0.106385862799435,-0.0504605172700637,0.00600119763284944,0.0285733536632492,2,NA,0.343539802076166,0.368270075044394,0.394236538782363,0.0129985035000903,0
"168",1,48,"pp",0,0.508978347866551,0.556037543407005,0.600944323722764,0.022803675015408,0,NA,-0.0307465794039498,0.0186936595617224,0.0705466548522062,0.0259129525690323,0,NA,-0.12676837589874,-0.0747315000864779,-0.0215930005193634,0.0273450003715195,2,NA,0.341439358201137,0.365034436183061,0.388911987893062,0.0120730658719475,1
"169",1,49,"pp",0,0.460195316677029,0.506316725620158,0.55177772576336,0.0236287188692107,0,NA,-0.0359224189827134,0.0163611236731372,0.0716914634880127,0.02751263965221,0,NA,-0.0745444908011927,-0.0249263745092672,0.0268906267131152,0.0263062865012561,2,NA,0.341699412887886,0.36469827523081,0.387661546435674,0.0118521181466399,0
"170",1,50,"pp",0,0.477834466974073,0.532981456772691,0.589190891855084,0.0277695838936093,0,NA,-0.0606788445250605,0.00388038982245276,0.0658401067821473,0.0329816838413501,0,NA,-0.100135854993735,-0.035602145991446,0.0240287565597635,0.0318103970264616,2,NA,0.342663144946408,0.366490817314638,0.389202596279939,0.0117518665882831,1
"171",1,51,"pp",0,0.485399397440127,0.533112780302125,0.584301784023918,0.0251476642442967,0,NA,-0.074335163639587,-0.01603564578819,0.0419193770840419,0.0291636657609449,0,NA,-0.0854387776717018,-0.0327421429960402,0.0223721490947761,0.0285591956966345,2,NA,0.343120375259374,0.36682081841564,0.389963876574523,0.0117605465367163,0
"172",1,52,"pp",0,0.446902416025771,0.497245816252501,0.552443308452858,0.0276787040015736,0,NA,-0.0275568243902175,0.0325801448849622,0.0919776321001993,0.030674606402765,0,NA,-0.101178841453205,-0.0395260409357352,0.0224258047177681,0.0309382467106212,2,NA,0.346366300044932,0.369439042855565,0.391775026143574,0.0116631772570346,0
"173",1,53,"pp",0,0.392548527341504,0.447794506313728,0.501044319373391,0.0277091073293792,0,NA,-0.00971750160316337,0.0493487877899418,0.107991658471801,0.029823471972657,0,NA,-0.0506862839341982,0.00628413995833598,0.0637492805645838,0.0294359693967713,2,NA,0.34655716122115,0.367076525294679,0.389017059273788,0.0109919906770888,1
"174",1,54,"pp",0,0.468182562100672,0.515704174183752,0.562757518537668,0.024027745370567,0,NA,-0.0403866549302476,0.0107718855034721,0.065370102311809,0.0273627884576856,0,NA,-0.0577459242192668,-0.00318333802818853,0.0497789415469269,0.027370146328719,2,NA,0.346961628176907,0.366353757682484,0.387600199531642,0.0103238015029161,0
"175",1,55,"pp",0,0.485241981541175,0.540849193394606,0.593062043348647,0.0272470897357565,0,NA,-0.0840218933353568,-0.0230635190443668,0.0381864075279787,0.0310806172249135,0,NA,-0.067794017734291,-0.00514195297363721,0.0548329025995896,0.0315239487260015,2,NA,0.346077142501659,0.366480162813156,0.387317713766206,0.0104842879110758,0
"176",1,56,"pp",0,0.452591132916333,0.507730392364924,0.563920507052168,0.028493861405661,0,NA,-0.00955397912305908,0.0541499561573961,0.111434434323582,0.0310689625526208,0,NA,-0.118417180012866,-0.0513368079620011,0.0125764819535116,0.0333821320476444,2,NA,0.342265866993956,0.363583323131099,0.385156123942758,0.0109247891870065,0
"177",1,57,"pp",0,0.456504525796054,0.504754156420618,0.550664707341141,0.0236185033259877,0,NA,-0.0259497386882442,0.0263898308925226,0.0826372958601852,0.0275590467844492,0,NA,-0.0611053030923141,-0.00922095147195988,0.0435161006975071,0.0267318548737757,2,NA,0.344056454239029,0.364943505506983,0.384878321045397,0.0103678926201195,1
"178",1,58,"pp",0,0.425595672448805,0.476149427766301,0.526039130492181,0.0266968865820454,0,NA,-0.0409945152157317,0.0200114444977061,0.0850927898700533,0.0322256238137021,0,NA,-0.0775055969967212,-0.015473258191437,0.0470549434858621,0.0318054840741631,2,NA,0.348950195705021,0.368395529013789,0.389423247387339,0.0103633205270515,1
"179",1,59,"pp",0,0.438039144351073,0.493760932178333,0.549941238080614,0.0280510253456133,0,NA,-0.0731983552905651,-0.00939367406017087,0.0537220722532304,0.0306350892852832,0,NA,-0.0575697992559003,0.000721408284836066,0.0647074364442359,0.030951841384181,2,NA,0.3472464631264,0.366156708736469,0.386942459351998,0.00995066353422932,1
"180",1,60,"pp",0,0.427033651923668,0.490745207968082,0.5512250678093,0.0317742461631758,0,NA,-0.0870722277163725,-0.0178684719780196,0.0635889078798298,0.0379892477630542,0,NA,-0.0309783187938171,0.0420109300618073,0.112503480488605,0.0368800486933333,2,NA,0.344857549918576,0.365094090945366,0.384888631790726,0.0100855146981659,1
